timestamp_utc,session_id,entry_type,elapsed_seconds,total_pool_size,active_count,visible_count,inactive_count,peak_active_count,pool_miss_count,pool_expansion_count,average_active_count,average_visible_count,max_visible_count,details
2026-03-25T14:09:10.5047325Z,20260325_140910_498,SESSION_START,0.000,64,0,0,64,0,0,0,,,,initial_pool=64;expansion_size=16;allow_expand=True;visible_cap=False
2026-03-25T14:09:12.8546620Z,20260325_140910_498,SAMPLE,1.004,64,8,0,56,8,0,0,,,,
2026-03-25T14:09:13.8564584Z,20260325_140910_498,SAMPLE,2.006,64,17,4,47,17,0,0,,,,
2026-03-25T14:09:14.8515133Z,20260325_140910_498,SAMPLE,3.001,64,25,7,39,25,0,0,,,,
2026-03-25T14:09:15.9558040Z,20260325_140910_498,SAMPLE,4.105,64,32,14,32,32,0,0,,,,
2026-03-25T14:09:16.8559150Z,20260325_140910_498,SAMPLE,5.005,64,38,21,26,38,0,0,,,,
2026-03-25T14:09:17.8515544Z,20260325_140910_498,SAMPLE,6.001,64,38,17,25,39,0,0,,,,
2026-03-25T14:09:18.8580604Z,20260325_140910_498,SAMPLE,7.007,64,40,22,23,40,0,0,,,,
2026-03-25T14:09:19.8533984Z,20260325_140910_498,SAMPLE,8.003,64,43,21,20,43,0,0,,,,
2026-03-25T14:09:20.8584467Z,20260325_140910_498,SAMPLE,9.008,64,48,27,16,48,0,0,,,,
2026-03-25T14:09:21.8585569Z,20260325_140910_498,SAMPLE,10.007,64,51,23,12,51,0,0,,,,
2026-03-25T14:09:22.8538638Z,20260325_140910_498,SAMPLE,11.003,64,52,20,11,53,0,0,,,,
2026-03-25T14:09:23.8519591Z,20260325_140910_498,SAMPLE,12.001,64,56,24,6,57,0,0,,,,
2026-03-25T14:09:24.1538140Z,20260325_140910_498,PLAYER_HIT_IGNORED,12.297,64,52,22,10,57,0,0,,,,position=(0.05;0.58)
2026-03-25T14:09:24.8555077Z,20260325_140910_498,SAMPLE,13.005,64,58,23,6,58,0,0,,,,
2026-03-25T14:09:25.8511707Z,20260325_140910_498,SAMPLE,14.000,64,60,25,4,60,0,0,,,,
2026-03-25T14:09:26.8558506Z,20260325_140910_498,SAMPLE,15.005,64,60,25,3,62,0,0,,,,
2026-03-25T14:09:27.8555633Z,20260325_140910_498,SAMPLE,16.005,64,60,23,4,62,0,0,,,,
2026-03-25T14:09:28.4510195Z,20260325_140910_498,POOL_EMPTY,16.600,64,63,29,0,63,1,0,,,,pool empty; requesting expansion
2026-03-25T14:09:28.4536254Z,20260325_140910_498,POOL_EXPAND,16.600,80,63,29,16,63,1,1,,,,expanded_by=16;new_total_pool=80
2026-03-25T14:09:28.8535542Z,20260325_140910_498,SAMPLE,17.004,80,65,31,14,66,1,1,,,,
2026-03-25T14:09:29.4374731Z,20260325_140910_498,PLAYER_HIT_IGNORED,17.575,80,65,27,13,67,1,1,,,,position=(0.08;0.59)
2026-03-25T14:09:29.8540267Z,20260325_140910_498,SAMPLE,18.003,80,65,24,13,67,1,1,,,,
2026-03-25T14:09:30.8514921Z,20260325_140910_498,SAMPLE,19.001,80,64,25,15,67,1,1,,,,
2026-03-25T14:09:31.8535969Z,20260325_140910_498,SAMPLE,20.003,80,64,27,15,67,1,1,,,,
2026-03-25T14:09:31.9167902Z,20260325_140910_498,PLAYER_HIT_IGNORED,20.060,80,63,26,15,67,1,1,,,,position=(0.00;0.61)
2026-03-25T14:09:32.8507860Z,20260325_140910_498,SAMPLE,21.000,80,66,27,14,67,1,1,,,,
2026-03-25T14:09:33.8541247Z,20260325_140910_498,SAMPLE,22.003,80,66,28,14,67,1,1,,,,
2026-03-25T14:09:34.8523109Z,20260325_140910_498,SAMPLE,23.001,80,68,26,10,69,1,1,,,,
2026-03-25T14:09:35.1562235Z,20260325_140910_498,PLAYER_HIT_IGNORED,23.298,80,65,22,12,69,1,1,,,,position=(-0.04;0.61)
2026-03-25T14:09:35.8520614Z,20260325_140910_498,SAMPLE,24.002,80,63,25,15,69,1,1,,,,
2026-03-25T14:09:36.8511052Z,20260325_140910_498,SAMPLE,25.001,80,65,28,14,69,1,1,,,,
2026-03-25T14:09:37.8559852Z,20260325_140910_498,SAMPLE,26.005,80,68,24,11,69,1,1,,,,
2026-03-25T14:09:38.8557832Z,20260325_140910_498,SAMPLE,27.005,80,68,26,12,69,1,1,,,,
2026-03-25T14:09:39.8561267Z,20260325_140910_498,SAMPLE,28.005,80,72,31,8,72,1,1,,,,
2026-03-25T14:09:40.8519791Z,20260325_140910_498,SAMPLE,29.001,80,71,30,9,72,1,1,,,,
2026-03-25T14:09:41.7970051Z,20260325_140910_498,PLAYER_HIT_IGNORED,29.940,80,69,33,8,72,1,1,,,,position=(0.04;0.61)
2026-03-25T14:09:41.8519199Z,20260325_140910_498,SAMPLE,30.002,80,70,33,7,72,1,1,,,,
2026-03-25T14:09:42.8526972Z,20260325_140910_498,SAMPLE,31.002,80,70,29,7,73,1,1,,,,
2026-03-25T14:09:43.1754731Z,20260325_140910_498,PLAYER_HIT_IGNORED,31.318,80,71,28,8,73,1,1,,,,position=(0.04;0.60)
2026-03-25T14:09:43.8562020Z,20260325_140910_498,SAMPLE,32.005,80,72,28,7,73,1,1,,,,
2026-03-25T14:09:44.3156280Z,20260325_140910_498,PLAYER_HIT_IGNORED,32.459,80,70,26,8,73,1,1,,,,position=(0.12;0.50)
2026-03-25T14:09:44.8558954Z,20260325_140910_498,SAMPLE,33.005,80,71,26,9,73,1,1,,,,
2026-03-25T14:09:45.8530408Z,20260325_140910_498,SAMPLE,34.002,80,72,26,7,73,1,1,,,,
2026-03-25T14:09:46.8515193Z,20260325_140910_498,SAMPLE,35.002,80,68,30,8,73,1,1,,,,
2026-03-25T14:09:47.4138343Z,20260325_140910_498,PLAYER_HIT_IGNORED,35.557,80,68,31,11,73,1,1,,,,position=(-0.11;0.54)
2026-03-25T14:09:47.8560416Z,20260325_140910_498,SAMPLE,36.005,80,69,31,10,73,1,1,,,,
2026-03-25T14:09:48.6154530Z,20260325_140910_498,PLAYER_HIT_IGNORED,36.759,80,68,32,11,73,1,1,,,,position=(-0.09;0.57)
2026-03-25T14:09:48.8510507Z,20260325_140910_498,SAMPLE,37.001,80,67,29,11,73,1,1,,,,
2026-03-25T14:09:49.8550459Z,20260325_140910_498,SAMPLE,38.005,80,65,29,13,73,1,1,,,,
2026-03-25T14:09:50.8560838Z,20260325_140910_498,SAMPLE,39.005,80,66,23,14,73,1,1,,,,
2026-03-25T14:09:51.8511907Z,20260325_140910_498,SAMPLE,40.000,80,69,30,11,73,1,1,,,,
2026-03-25T14:09:52.6956472Z,20260325_140910_498,PLAYER_HIT_IGNORED,40.839,80,71,35,7,74,1,1,,,,position=(-0.03;0.59)
2026-03-25T14:09:52.8555698Z,20260325_140910_498,SAMPLE,41.005,80,72,33,7,74,1,1,,,,
2026-03-25T14:09:53.8558361Z,20260325_140910_498,SAMPLE,42.006,80,73,31,5,74,1,1,,,,
2026-03-25T14:09:53.9736532Z,20260325_140910_498,PLAYER_HIT_IGNORED,42.117,80,72,32,7,74,1,1,,,,position=(0.11;0.42)
2026-03-25T14:09:54.8610121Z,20260325_140910_498,SAMPLE,43.010,80,75,41,4,75,1,1,,,,
2026-03-25T14:09:55.8517372Z,20260325_140910_498,SAMPLE,44.001,80,71,35,8,75,1,1,,,,
2026-03-25T14:09:56.6312326Z,20260325_140910_498,PLAYER_HIT_IGNORED,44.775,80,73,34,6,75,1,1,,,,position=(-0.11;0.28)
2026-03-25T14:09:56.8611745Z,20260325_140910_498,SAMPLE,45.011,80,75,35,5,75,1,1,,,,
2026-03-25T14:09:57.2709563Z,20260325_140910_498,PLAYER_HIT_IGNORED,45.415,80,76,30,3,77,1,1,,,,position=(-0.08;0.59)
2026-03-25T14:09:57.8225718Z,20260325_140910_498,POOL_EMPTY,45.973,80,78,30,0,79,2,1,,,,pool empty; requesting expansion
2026-03-25T14:09:57.8259016Z,20260325_140910_498,POOL_EXPAND,45.973,96,78,30,16,79,2,2,,,,expanded_by=16;new_total_pool=96
2026-03-25T14:09:57.8542381Z,20260325_140910_498,SAMPLE,46.003,96,77,28,16,79,2,2,,,,
2026-03-25T14:09:58.8558784Z,20260325_140910_498,SAMPLE,47.006,96,79,36,16,80,2,2,,,,
2026-03-25T14:09:59.8520335Z,20260325_140910_498,SAMPLE,48.001,96,77,36,18,81,2,2,,,,
2026-03-25T14:09:59.9952289Z,20260325_140910_498,PLAYER_HIT_IGNORED,48.138,96,76,37,18,81,2,2,,,,position=(0.01;0.60)
2026-03-25T14:10:00.8534541Z,20260325_140910_498,SAMPLE,49.003,96,79,35,17,81,2,2,,,,
2026-03-25T14:10:01.8555527Z,20260325_140910_498,SAMPLE,50.006,96,79,38,15,81,2,2,,,,
2026-03-25T14:10:02.8566871Z,20260325_140910_498,SAMPLE,51.006,96,77,27,17,81,2,2,,,,
2026-03-25T14:10:03.8533156Z,20260325_140910_498,SAMPLE,52.002,96,72,23,24,81,2,2,,,,
2026-03-25T14:10:04.8568514Z,20260325_140910_498,SAMPLE,53.006,96,73,23,22,81,2,2,,,,
2026-03-25T14:10:05.8503891Z,20260325_140910_498,SAMPLE,54.000,96,74,31,21,81,2,2,,,,
2026-03-25T14:10:06.1556195Z,20260325_140910_498,PLAYER_HIT_IGNORED,54.299,96,75,36,20,81,2,2,,,,position=(0.09;0.57)
2026-03-25T14:10:06.8554448Z,20260325_140910_498,SAMPLE,55.005,96,76,32,20,81,2,2,,,,
2026-03-25T14:10:07.8537448Z,20260325_140910_498,SAMPLE,56.003,96,79,32,17,81,2,2,,,,
2026-03-25T14:10:08.8571346Z,20260325_140910_498,SAMPLE,57.006,96,77,33,16,81,2,2,,,,
2026-03-25T14:10:09.0764287Z,20260325_140910_498,PLAYER_HIT_IGNORED,57.219,96,79,35,16,81,2,2,,,,position=(-0.11;0.54)
2026-03-25T14:10:09.8540310Z,20260325_140910_498,SAMPLE,58.004,96,82,36,13,83,2,2,,,,
2026-03-25T14:10:10.8573979Z,20260325_140910_498,SAMPLE,59.006,96,85,34,11,85,2,2,,,,
2026-03-25T14:10:11.8534486Z,20260325_140910_498,SAMPLE,60.003,96,86,36,9,87,2,2,,,,
2026-03-25T14:10:12.8567550Z,20260325_140910_498,SAMPLE,61.006,96,85,37,11,87,2,2,,,,
2026-03-25T14:10:13.0962256Z,20260325_140910_498,PLAYER_HIT_IGNORED,61.235,96,86,37,9,87,2,2,,,,position=(-0.13;0.38)
2026-03-25T14:10:13.6159405Z,20260325_140910_498,PLAYER_HIT_IGNORED,61.759,96,87,34,7,89,2,2,,,,position=(0.13;0.33)
2026-03-25T14:10:13.8525078Z,20260325_140910_498,SAMPLE,62.002,96,84,31,10,89,2,2,,,,
2026-03-25T14:10:14.7957785Z,20260325_140910_498,PLAYER_HIT_IGNORED,62.939,96,83,37,12,89,2,2,,,,position=(0.04;0.61)
2026-03-25T14:10:14.8512156Z,20260325_140910_498,SAMPLE,63.000,96,84,38,11,89,2,2,,,,
2026-03-25T14:10:15.8520587Z,20260325_140910_498,SAMPLE,64.002,96,85,35,10,89,2,2,,,,
2026-03-25T14:10:16.2310379Z,20260325_140910_498,PLAYER_HIT_IGNORED,64.374,96,81,32,12,89,2,2,,,,position=(0.13;0.48)
2026-03-25T14:10:16.8524888Z,20260325_140910_498,SAMPLE,65.002,96,81,29,14,89,2,2,,,,
2026-03-25T14:10:17.8589657Z,20260325_140910_498,SESSION_END,65.939,96,82,0,13,89,2,2,65.646,27.492,41,samples=65;reason=spawner_destroyed
2026-03-25T14:10:24.5848878Z,20260325_141024_578,SESSION_START,0.000,64,0,0,64,0,0,0,,,,initial_pool=64;expansion_size=16;allow_expand=True;visible_cap=False
2026-03-25T14:10:26.9405503Z,20260325_141024_578,SAMPLE,1.004,64,8,0,56,8,0,0,,,,
2026-03-25T14:10:27.9407553Z,20260325_141024_578,SAMPLE,2.005,64,17,2,47,17,0,0,,,,
2026-03-25T14:10:28.9405480Z,20260325_141024_578,SAMPLE,3.005,64,25,5,39,25,0,0,,,,
2026-03-25T14:10:29.9413259Z,20260325_141024_578,SAMPLE,4.006,64,33,14,31,33,0,0,,,,
2026-03-25T14:10:30.9389244Z,20260325_141024_578,SAMPLE,5.004,64,41,22,23,41,0,0,,,,
2026-03-25T14:10:31.3991946Z,20260325_141024_578,PLAYER_HIT_IGNORED,5.457,64,41,21,22,42,0,0,,,,position=(-0.23;-1.13)
2026-03-25T14:10:31.9367156Z,20260325_141024_578,SAMPLE,6.002,64,42,24,21,43,0,0,,,,
2026-03-25T14:10:32.9399447Z,20260325_141024_578,SAMPLE,7.004,64,46,25,17,47,0,0,,,,
2026-03-25T14:10:33.9416368Z,20260325_141024_578,SAMPLE,8.006,64,49,27,14,50,0,0,,,,
2026-03-25T14:10:34.9438270Z,20260325_141024_578,SAMPLE,9.009,64,52,28,11,52,0,0,,,,
2026-03-25T14:10:35.9409938Z,20260325_141024_578,SAMPLE,10.006,64,52,28,11,52,0,0,,,,
2026-03-25T14:10:36.9422394Z,20260325_141024_578,SAMPLE,11.006,64,59,32,5,59,0,0,,,,
2026-03-25T14:10:37.9359392Z,20260325_141024_578,SAMPLE,12.001,64,64,30,0,64,0,0,,,,
2026-03-25T14:10:38.0895594Z,20260325_141024_578,POOL_EMPTY,12.154,64,64,32,0,64,1,0,,,,pool empty; requesting expansion
2026-03-25T14:10:38.0925870Z,20260325_141024_578,POOL_EXPAND,12.154,80,64,32,16,64,1,1,,,,expanded_by=16;new_total_pool=80
2026-03-25T14:10:38.7168981Z,20260325_141024_578,PLAYER_HIT_IGNORED,12.776,80,66,33,13,67,1,1,,,,position=(-0.09;-1.25)
2026-03-25T14:10:38.9386424Z,20260325_141024_578,SAMPLE,13.003,80,67,32,13,67,1,1,,,,
2026-03-25T14:10:39.2417145Z,20260325_141024_578,PLAYER_HIT_IGNORED,13.300,80,67,30,12,68,1,1,,,,position=(-0.22;-1.16)
2026-03-25T14:10:39.9413322Z,20260325_141024_578,SAMPLE,14.005,80,66,29,13,68,1,1,,,,
2026-03-25T14:10:40.3760989Z,20260325_141024_578,PLAYER_HIT_IGNORED,14.435,80,65,28,13,68,1,1,,,,position=(-0.21;-1.04)
2026-03-25T14:10:40.9389614Z,20260325_141024_578,SAMPLE,15.003,80,66,28,14,68,1,1,,,,
2026-03-25T14:10:41.1378167Z,20260325_141024_578,PLAYER_HIT_IGNORED,15.197,80,66,29,13,68,1,1,,,,position=(-0.14;-1.24)
2026-03-25T14:10:41.9358740Z,20260325_141024_578,SAMPLE,16.000,80,69,30,10,71,1,1,,,,
2026-03-25T14:10:42.9383618Z,20260325_141024_578,SAMPLE,17.004,80,73,31,6,74,1,1,,,,
2026-03-25T14:10:43.2004335Z,20260325_141024_578,PLAYER_HIT_IGNORED,17.259,80,73,32,5,74,1,1,,,,position=(-0.07;-1.24)
2026-03-25T14:10:43.9395348Z,20260325_141024_578,SAMPLE,18.005,80,72,30,8,74,1,1,,,,
2026-03-25T14:10:44.1600919Z,20260325_141024_578,PLAYER_HIT_IGNORED,18.218,80,69,28,8,74,1,1,,,,position=(-0.23;-1.15)
2026-03-25T14:10:44.9401449Z,20260325_141024_578,SAMPLE,19.004,80,70,32,9,74,1,1,,,,
2026-03-25T14:10:45.9389689Z,20260325_141024_578,SAMPLE,20.004,80,64,28,15,74,1,1,,,,
2026-03-25T14:10:46.9394516Z,20260325_141024_578,SAMPLE,21.004,80,64,27,15,74,1,1,,,,
2026-03-25T14:10:47.1958433Z,20260325_141024_578,PLAYER_HIT_IGNORED,21.250,80,64,30,15,74,1,1,,,,position=(-0.18;-1.22)
2026-03-25T14:10:47.9380919Z,20260325_141024_578,SAMPLE,22.002,80,65,26,14,74,1,1,,,,
2026-03-25T14:10:48.9386010Z,20260325_141024_578,SAMPLE,23.003,80,63,25,16,74,1,1,,,,
2026-03-25T14:10:49.9462929Z,20260325_141024_578,SAMPLE,24.011,80,61,24,18,74,1,1,,,,
2026-03-25T14:10:50.3773172Z,20260325_141024_578,PLAYER_HIT_IGNORED,24.435,80,62,28,17,74,1,1,,,,position=(-0.21;-0.96)
2026-03-25T14:10:50.9376452Z,20260325_141024_578,SAMPLE,25.002,80,63,27,17,74,1,1,,,,
2026-03-25T14:10:51.9424761Z,20260325_141024_578,SAMPLE,26.007,80,63,29,17,74,1,1,,,,
2026-03-25T14:10:52.7173217Z,20260325_141024_578,PLAYER_HIT_IGNORED,26.777,80,63,28,15,74,1,1,,,,position=(-0.02;-1.22)
2026-03-25T14:10:52.9401359Z,20260325_141024_578,SAMPLE,27.005,80,65,29,15,74,1,1,,,,
2026-03-25T14:10:53.4003309Z,20260325_141024_578,PLAYER_HIT_IGNORED,27.458,80,66,29,12,74,1,1,,,,position=(0.02;-1.17)
2026-03-25T14:10:53.9373541Z,20260325_141024_578,SAMPLE,28.002,80,66,31,13,74,1,1,,,,
2026-03-25T14:10:54.9412346Z,20260325_141024_578,SAMPLE,29.007,80,66,31,14,74,1,1,,,,
2026-03-25T14:10:55.9373310Z,20260325_141024_578,SAMPLE,30.002,80,66,25,13,74,1,1,,,,
2026-03-25T14:10:56.9377112Z,20260325_141024_578,SAMPLE,31.002,80,71,28,9,74,1,1,,,,
2026-03-25T14:10:57.9369958Z,20260325_141024_578,SAMPLE,32.001,80,69,27,9,74,1,1,,,,
2026-03-25T14:10:58.9364501Z,20260325_141024_578,SAMPLE,33.001,80,70,31,9,74,1,1,,,,
2026-03-25T14:10:59.1595428Z,20260325_141024_578,PLAYER_HIT_IGNORED,33.217,80,70,32,9,74,1,1,,,,position=(-0.10;-1.23)
2026-03-25T14:10:59.9362581Z,20260325_141024_578,SAMPLE,34.001,80,70,30,9,74,1,1,,,,
2026-03-25T14:11:00.9414116Z,20260325_141024_578,SAMPLE,35.006,80,71,25,8,74,1,1,,,,
2026-03-25T14:11:01.7181481Z,20260325_141024_578,SESSION_END,35.709,80,72,0,8,74,1,1,57.943,25.486,32,samples=35;reason=spawner_destroyed
2026-03-25T14:11:08.1693837Z,20260325_141108_163,SESSION_START,0.000,64,0,0,64,0,0,0,,,,initial_pool=64;expansion_size=16;allow_expand=True;visible_cap=False
2026-03-25T14:11:10.4835382Z,20260325_141108_163,SAMPLE,1.005,64,8,0,56,8,0,0,,,,
2026-03-25T14:11:11.5008288Z,20260325_141108_163,SAMPLE,2.012,64,17,4,47,17,0,0,,,,
2026-03-25T14:11:12.4809187Z,20260325_141108_163,SAMPLE,3.004,64,25,8,39,25,0,0,,,,
2026-03-25T14:11:13.4824408Z,20260325_141108_163,SAMPLE,4.005,64,33,10,31,33,0,0,,,,
2026-03-25T14:11:14.4837169Z,20260325_141108_163,SAMPLE,5.006,64,40,17,23,40,0,0,,,,
2026-03-25T14:11:15.4772550Z,20260325_141108_163,SAMPLE,6.000,64,42,20,21,43,0,0,,,,
2026-03-25T14:11:15.6189844Z,20260325_141108_163,PLAYER_HIT_IGNORED,6.136,64,42,20,20,44,0,0,,,,position=(0.92;-0.30)
2026-03-25T14:11:16.4771205Z,20260325_141108_163,SAMPLE,7.000,64,48,23,15,48,0,0,,,,
2026-03-25T14:11:17.4785282Z,20260325_141108_163,SAMPLE,8.001,64,51,24,13,51,0,0,,,,
2026-03-25T14:11:18.4811127Z,20260325_141108_163,SAMPLE,9.004,64,56,31,8,56,0,0,,,,
2026-03-25T14:11:19.4776738Z,20260325_141108_163,SAMPLE,10.001,64,59,31,4,59,0,0,,,,
2026-03-25T14:11:20.4832208Z,20260325_141108_163,SAMPLE,11.007,64,60,29,3,61,0,0,,,,
2026-03-25T14:11:21.4821514Z,20260325_141108_163,SAMPLE,12.005,64,63,27,1,63,0,0,,,,
2026-03-25T14:11:21.8531475Z,20260325_141108_163,POOL_EMPTY,12.377,64,63,23,0,64,1,0,,,,pool empty; requesting expansion
2026-03-25T14:11:21.8575618Z,20260325_141108_163,POOL_EXPAND,12.377,80,63,23,16,64,1,1,,,,expanded_by=16;new_total_pool=80
2026-03-25T14:11:22.2784443Z,20260325_141108_163,PLAYER_HIT_IGNORED,12.796,80,61,23,17,64,1,1,,,,position=(0.90;-0.44)
2026-03-25T14:11:22.4783482Z,20260325_141108_163,SAMPLE,13.001,80,63,22,17,64,1,1,,,,
2026-03-25T14:11:23.4771730Z,20260325_141108_163,SAMPLE,14.001,80,61,21,19,64,1,1,,,,
2026-03-25T14:11:24.0397542Z,20260325_141108_163,PLAYER_HIT_IGNORED,14.557,80,60,24,19,64,1,1,,,,position=(0.91;-0.42)
2026-03-25T14:11:24.3774504Z,20260325_141108_163,PLAYER_HIT_IGNORED,14.895,80,59,23,20,64,1,1,,,,position=(0.94;-0.38)
2026-03-25T14:11:24.4783219Z,20260325_141108_163,SAMPLE,15.001,80,59,21,19,64,1,1,,,,
2026-03-25T14:11:25.4797610Z,20260325_141108_163,SAMPLE,16.002,80,61,27,17,64,1,1,,,,
2026-03-25T14:11:25.6816284Z,20260325_141108_163,PLAYER_HIT_IGNORED,16.198,80,60,26,18,64,1,1,,,,position=(0.92;-0.38)
2026-03-25T14:11:26.2793661Z,20260325_141108_163,PLAYER_HIT_IGNORED,16.796,80,60,25,17,64,1,1,,,,position=(0.89;-0.44)
2026-03-25T14:11:26.4772466Z,20260325_141108_163,SAMPLE,17.000,80,61,25,19,64,1,1,,,,
2026-03-25T14:11:26.7207636Z,20260325_141108_163,PLAYER_HIT_IGNORED,17.237,80,60,27,18,64,1,1,,,,position=(0.93;-0.35)
2026-03-25T14:11:27.4783602Z,20260325_141108_163,SAMPLE,18.001,80,64,29,16,64,1,1,,,,
2026-03-25T14:11:28.4822608Z,20260325_141108_163,SAMPLE,19.005,80,63,28,15,66,1,1,,,,
2026-03-25T14:11:29.3619800Z,20260325_141108_163,PLAYER_HIT_IGNORED,19.878,80,63,26,14,66,1,1,,,,position=(0.78;-0.22)
2026-03-25T14:11:29.4772119Z,20260325_141108_163,SAMPLE,20.001,80,64,25,15,66,1,1,,,,
2026-03-25T14:11:30.4774902Z,20260325_141108_163,SAMPLE,21.000,80,65,27,15,66,1,1,,,,
2026-03-25T14:11:31.4833018Z,20260325_141108_163,SAMPLE,22.006,80,65,24,14,66,1,1,,,,
2026-03-25T14:11:32.4821241Z,20260325_141108_163,SAMPLE,23.005,80,65,28,15,67,1,1,,,,
2026-03-25T14:11:33.4796372Z,20260325_141108_163,SAMPLE,24.002,80,68,30,12,68,1,1,,,,
2026-03-25T14:11:34.4811553Z,20260325_141108_163,SAMPLE,25.004,80,70,27,10,71,1,1,,,,
2026-03-25T14:11:34.8623183Z,20260325_141108_163,PLAYER_HIT_IGNORED,25.380,80,66,25,11,71,1,1,,,,position=(0.88;-0.46)
2026-03-25T14:11:35.4827022Z,20260325_141108_163,SAMPLE,26.005,80,69,26,10,71,1,1,,,,
2026-03-25T14:11:35.7783813Z,20260325_141108_163,PLAYER_HIT_IGNORED,26.295,80,68,23,9,71,1,1,,,,position=(0.70;-0.47)
2026-03-25T14:11:36.4834357Z,20260325_141108_163,SAMPLE,27.006,80,69,25,10,71,1,1,,,,
2026-03-25T14:11:37.3183228Z,20260325_141108_163,PLAYER_HIT_IGNORED,27.835,80,69,34,10,72,1,1,,,,position=(0.92;-0.31)
2026-03-25T14:11:37.4832787Z,20260325_141108_163,SAMPLE,28.006,80,70,34,9,72,1,1,,,,
2026-03-25T14:11:38.4813946Z,20260325_141108_163,SAMPLE,29.005,80,70,30,7,72,1,1,,,,
2026-03-25T14:11:38.8415070Z,20260325_141108_163,PLAYER_HIT_IGNORED,29.357,80,69,31,10,72,1,1,,,,position=(0.93;-0.38)
2026-03-25T14:11:39.4827656Z,20260325_141108_163,SAMPLE,30.006,80,71,31,9,72,1,1,,,,
2026-03-25T14:11:40.4805685Z,20260325_141108_163,PLAYER_HIT_IGNORED,30.997,80,70,33,8,72,1,1,,,,position=(0.72;-0.22)
2026-03-25T14:11:40.4820717Z,20260325_141108_163,SAMPLE,31.003,80,70,32,8,72,1,1,,,,
2026-03-25T14:11:41.4784134Z,20260325_141108_163,SAMPLE,32.002,80,70,27,9,72,1,1,,,,
2026-03-25T14:11:41.8091982Z,20260325_141108_163,SESSION_END,32.331,80,69,29,9,72,1,1,56.875,23.844,34,samples=32;reason=spawning_stopped
2026-03-25T14:11:42.2585046Z,20260325_141142_257,SESSION_START,0.000,64,0,0,64,0,0,0,,,,initial_pool=64;expansion_size=16;allow_expand=True;visible_cap=False
2026-03-25T14:11:43.2301099Z,20260325_141142_257,SAMPLE,1.003,64,8,0,56,8,0,0,,,,
2026-03-25T14:11:44.2301569Z,20260325_141142_257,SAMPLE,2.004,64,17,3,47,17,0,0,,,,
2026-03-25T14:11:45.2311665Z,20260325_141142_257,SAMPLE,3.005,64,25,9,39,25,0,0,,,,
2026-03-25T14:11:46.2263961Z,20260325_141142_257,SAMPLE,4.001,64,33,13,31,33,0,0,,,,
2026-03-25T14:11:47.2318491Z,20260325_141142_257,SAMPLE,5.005,64,40,22,24,40,0,0,,,,
2026-03-25T14:11:48.2325443Z,20260325_141142_257,SAMPLE,6.006,64,42,21,21,42,0,0,,,,
2026-03-25T14:11:49.2286373Z,20260325_141142_257,SAMPLE,7.002,64,46,24,18,46,0,0,,,,
2026-03-25T14:11:49.3255572Z,20260325_141142_257,PLAYER_HIT_IGNORED,7.091,64,46,24,17,47,0,0,,,,position=(-0.76;-0.04)
2026-03-25T14:11:50.2295154Z,20260325_141142_257,SAMPLE,8.004,64,50,26,13,51,0,0,,,,
2026-03-25T14:11:50.8028998Z,20260325_141142_257,PLAYER_HIT_IGNORED,8.571,64,52,28,11,53,0,0,,,,position=(-0.89;-0.13)
2026-03-25T14:11:51.2325990Z,20260325_141142_257,SAMPLE,9.006,64,55,28,8,55,0,0,,,,
2026-03-25T14:11:52.2301012Z,20260325_141142_257,SAMPLE,10.004,64,57,21,6,58,0,0,,,,
2026-03-25T14:11:53.2315839Z,20260325_141142_257,SAMPLE,11.005,64,59,22,4,59,0,0,,,,
2026-03-25T14:11:54.1221610Z,20260325_141142_257,POOL_EMPTY,11.895,64,62,22,0,63,1,0,,,,pool empty; requesting expansion
2026-03-25T14:11:54.1246695Z,20260325_141142_257,POOL_EXPAND,11.895,80,62,22,16,63,1,1,,,,expanded_by=16;new_total_pool=80
2026-03-25T14:11:54.2283756Z,20260325_141142_257,SAMPLE,12.001,80,63,26,17,63,1,1,,,,
2026-03-25T14:11:55.2284848Z,20260325_141142_257,SAMPLE,13.002,80,67,28,13,67,1,1,,,,
2026-03-25T14:11:55.3227601Z,20260325_141142_257,PLAYER_HIT_IGNORED,13.089,80,67,29,12,68,1,1,,,,position=(-0.66;-0.06)
2026-03-25T14:11:55.9428444Z,20260325_141142_257,PLAYER_HIT_IGNORED,13.710,80,69,33,10,70,1,1,,,,position=(-0.88;-0.08)
2026-03-25T14:11:56.0660848Z,20260325_141142_257,PLAYER_HIT_IGNORED,13.832,80,67,32,10,70,1,1,,,,position=(-0.86;-0.05)
2026-03-25T14:11:56.2287984Z,20260325_141142_257,SAMPLE,14.002,80,68,33,12,70,1,1,,,,
2026-03-25T14:11:57.2294484Z,20260325_141142_257,SAMPLE,15.003,80,64,32,15,70,1,1,,,,
2026-03-25T14:11:58.2314393Z,20260325_141142_257,SAMPLE,16.005,80,64,26,16,70,1,1,,,,
2026-03-25T14:11:59.2272113Z,20260325_141142_257,SAMPLE,17.002,80,66,25,13,70,1,1,,,,
2026-03-25T14:11:59.9412343Z,20260325_141142_257,PLAYER_HIT_IGNORED,17.708,80,68,24,11,70,1,1,,,,position=(-0.89;-0.23)
2026-03-25T14:12:00.2318080Z,20260325_141142_257,SAMPLE,18.005,80,68,20,12,70,1,1,,,,
2026-03-25T14:12:01.2287165Z,20260325_141142_257,SAMPLE,19.002,80,68,23,10,70,1,1,,,,
2026-03-25T14:12:01.4830459Z,20260325_141142_257,PLAYER_HIT_IGNORED,19.251,80,67,24,11,70,1,1,,,,position=(-0.85;-0.27)
2026-03-25T14:12:01.8244433Z,20260325_141142_257,PLAYER_HIT_IGNORED,19.591,80,67,23,11,70,1,1,,,,position=(-0.76;-0.29)
2026-03-25T14:12:02.2319108Z,20260325_141142_257,SAMPLE,20.006,80,67,26,12,70,1,1,,,,
2026-03-25T14:12:03.2298785Z,20260325_141142_257,SAMPLE,21.003,80,63,26,16,70,1,1,,,,
2026-03-25T14:12:04.2284999Z,20260325_141142_257,SAMPLE,22.002,80,66,25,13,70,1,1,,,,
2026-03-25T14:12:05.2316648Z,20260325_141142_257,SAMPLE,23.006,80,67,29,13,70,1,1,,,,
2026-03-25T14:12:06.2313020Z,20260325_141142_257,SAMPLE,24.004,80,70,29,8,71,1,1,,,,
2026-03-25T14:12:07.2322049Z,20260325_141142_257,SAMPLE,25.006,80,68,30,10,71,1,1,,,,
2026-03-25T14:12:08.2291460Z,20260325_141142_257,SAMPLE,26.003,80,63,25,16,71,1,1,,,,
2026-03-25T14:12:08.4224809Z,20260325_141142_257,PLAYER_HIT_IGNORED,26.190,80,64,27,15,71,1,1,,,,position=(-0.90;-0.11)
2026-03-25T14:12:09.2325231Z,20260325_141142_257,SAMPLE,27.006,80,65,27,14,71,1,1,,,,
2026-03-25T14:12:10.0050089Z,20260325_141142_257,PLAYER_HIT_IGNORED,27.771,80,64,30,14,71,1,1,,,,position=(-0.90;-0.22)
2026-03-25T14:12:10.2283058Z,20260325_141142_257,SAMPLE,28.001,80,66,30,14,71,1,1,,,,
2026-03-25T14:12:11.2293153Z,20260325_141142_257,SAMPLE,29.003,80,65,27,12,71,1,1,,,,
2026-03-25T14:12:12.2275907Z,20260325_141142_257,SAMPLE,30.001,80,66,30,13,71,1,1,,,,
2026-03-25T14:12:13.2309794Z,20260325_141142_257,SAMPLE,31.004,80,63,27,16,71,1,1,,,,
2026-03-25T14:12:14.2295968Z,20260325_141142_257,SAMPLE,32.003,80,66,32,14,71,1,1,,,,
2026-03-25T14:12:15.2319632Z,20260325_141142_257,SAMPLE,33.006,80,69,32,9,71,1,1,,,,
2026-03-25T14:12:15.4372404Z,20260325_141142_257,SESSION_END,33.211,80,71,34,9,71,1,1,57.091,24.152,33,samples=33;reason=spawning_stopped
2026-03-25T14:12:15.8727896Z,20260325_141215_871,SESSION_START,0.000,64,0,0,64,0,0,0,,,,initial_pool=64;expansion_size=16;allow_expand=True;visible_cap=False
2026-03-25T14:12:16.8484963Z,20260325_141215_871,SAMPLE,1.005,64,8,0,56,8,0,0,,,,
2026-03-25T14:12:17.8434691Z,20260325_141215_871,SAMPLE,2.001,64,17,3,47,17,0,0,,,,
2026-03-25T14:12:18.8480098Z,20260325_141215_871,SAMPLE,3.004,64,25,7,39,25,0,0,,,,
2026-03-25T14:12:19.8447670Z,20260325_141215_871,SAMPLE,4.001,64,33,10,31,33,0,0,,,,
2026-03-25T14:12:20.8476069Z,20260325_141215_871,SAMPLE,5.004,64,40,17,24,40,0,0,,,,
2026-03-25T14:12:21.3734236Z,20260325_141215_871,PLAYER_HIT_IGNORED,5.523,64,42,20,20,44,0,0,,,,position=(0.08;0.59)
2026-03-25T14:12:21.8473526Z,20260325_141215_871,SAMPLE,6.004,64,45,23,19,45,0,0,,,,
2026-03-25T14:12:22.8460136Z,20260325_141215_871,SAMPLE,7.003,64,47,26,15,48,0,0,,,,
2026-03-25T14:12:23.0705723Z,20260325_141215_871,PLAYER_HIT_IGNORED,7.221,64,48,30,15,49,0,0,,,,position=(0.00;0.62)
2026-03-25T14:12:23.8432050Z,20260325_141215_871,SAMPLE,8.000,64,51,29,11,53,0,0,,,,
2026-03-25T14:12:24.8495430Z,20260325_141215_871,SAMPLE,9.005,64,55,29,9,55,0,0,,,,
2026-03-25T14:12:25.3912762Z,20260325_141215_871,PLAYER_HIT_IGNORED,9.539,64,57,30,6,58,0,0,,,,position=(-0.04;0.61)
2026-03-25T14:12:25.8443983Z,20260325_141215_871,SAMPLE,10.001,64,59,28,4,59,0,0,,,,
2026-03-25T14:12:26.8453985Z,20260325_141215_871,SAMPLE,11.002,64,62,23,1,63,0,0,,,,
2026-03-25T14:12:27.0895976Z,20260325_141215_871,POOL_EMPTY,11.245,64,64,23,0,64,1,0,,,,pool empty; requesting expansion
2026-03-25T14:12:27.0921442Z,20260325_141215_871,POOL_EXPAND,11.245,80,64,23,16,64,1,1,,,,expanded_by=16;new_total_pool=80
2026-03-25T14:12:27.8470671Z,20260325_141215_871,SAMPLE,12.004,80,68,30,11,69,1,1,,,,
2026-03-25T14:12:28.8284906Z,20260325_141215_871,PLAYER_HIT_IGNORED,12.978,80,66,33,12,69,1,1,,,,position=(-0.13;0.49)
2026-03-25T14:12:28.8457249Z,20260325_141215_871,SAMPLE,13.002,80,66,32,12,69,1,1,,,,
2026-03-25T14:12:29.8499953Z,20260325_141215_871,SAMPLE,14.006,80,65,27,14,69,1,1,,,,
2026-03-25T14:12:30.8471044Z,20260325_141215_871,SAMPLE,15.004,80,68,28,12,69,1,1,,,,
2026-03-25T14:12:31.8464346Z,20260325_141215_871,SAMPLE,16.003,80,69,29,10,72,1,1,,,,
2026-03-25T14:12:32.3691727Z,20260325_141215_871,PLAYER_HIT_IGNORED,16.518,80,66,25,12,72,1,1,,,,position=(0.13;0.35)
2026-03-25T14:12:32.8471757Z,20260325_141215_871,SAMPLE,17.003,80,67,24,13,72,1,1,,,,
2026-03-25T14:12:33.8462419Z,20260325_141215_871,SAMPLE,18.003,80,67,25,12,72,1,1,,,,
2026-03-25T14:12:33.8920935Z,20260325_141215_871,PLAYER_HIT_IGNORED,18.043,80,66,25,12,72,1,1,,,,position=(0.13;0.50)
2026-03-25T14:12:34.8437040Z,20260325_141215_871,SAMPLE,19.000,80,67,31,13,72,1,1,,,,
2026-03-25T14:12:35.0338103Z,20260325_141215_871,PLAYER_HIT_IGNORED,19.183,80,65,29,13,72,1,1,,,,position=(-0.12;0.53)
2026-03-25T14:12:35.8463836Z,20260325_141215_871,SAMPLE,20.002,80,69,32,11,72,1,1,,,,
2026-03-25T14:12:36.8507077Z,20260325_141215_871,SAMPLE,21.006,80,71,31,9,72,1,1,,,,
2026-03-25T14:12:37.8488985Z,20260325_141215_871,SAMPLE,22.005,80,69,29,10,72,1,1,,,,
2026-03-25T14:12:37.8705815Z,20260325_141215_871,PLAYER_HIT_IGNORED,22.020,80,68,30,10,72,1,1,,,,position=(-0.11;0.56)
2026-03-25T14:12:38.8467955Z,20260325_141215_871,SAMPLE,23.003,80,67,29,12,72,1,1,,,,
2026-03-25T14:12:39.8455018Z,20260325_141215_871,SAMPLE,24.002,80,72,32,8,72,1,1,,,,
2026-03-25T14:12:40.8467576Z,20260325_141215_871,SAMPLE,25.003,80,70,32,10,72,1,1,,,,
2026-03-25T14:12:41.8470317Z,20260325_141215_871,SAMPLE,26.003,80,69,26,10,72,1,1,,,,
2026-03-25T14:12:42.8498951Z,20260325_141215_871,SAMPLE,27.006,80,66,25,13,72,1,1,,,,
2026-03-25T14:12:43.8466697Z,20260325_141215_871,SAMPLE,28.003,80,68,26,12,72,1,1,,,,
2026-03-25T14:12:44.6120139Z,20260325_141215_871,PLAYER_HIT_IGNORED,28.761,80,65,26,12,72,1,1,,,,position=(-0.09;0.57)
2026-03-25T14:12:44.8473659Z,20260325_141215_871,SAMPLE,29.003,80,66,27,13,72,1,1,,,,
2026-03-25T14:12:45.6312467Z,20260325_141215_871,PLAYER_HIT_IGNORED,29.779,80,65,27,12,72,1,1,,,,position=(0.09;0.57)
2026-03-25T14:12:45.8452481Z,20260325_141215_871,SAMPLE,30.001,80,66,28,14,72,1,1,,,,
2026-03-25T14:12:46.8508482Z,20260325_141215_871,SAMPLE,31.007,80,66,29,14,72,1,1,,,,
2026-03-25T14:12:47.8502652Z,20260325_141215_871,SAMPLE,32.006,80,70,31,10,72,1,1,,,,
2026-03-25T14:12:48.8525015Z,20260325_141215_871,SAMPLE,33.009,80,66,27,13,72,1,1,,,,
2026-03-25T14:12:49.0144601Z,20260325_141215_871,PLAYER_HIT_IGNORED,33.161,80,66,30,12,72,1,1,,,,position=(0.06;0.60)
2026-03-25T14:12:49.8474886Z,20260325_141215_871,SAMPLE,34.003,80,65,27,12,72,1,1,,,,
2026-03-25T14:13:44.1582603Z,20260325_141215_871,SESSION_END,34.825,80,67,31,12,72,1,1,58.794,25.059,32,samples=34;reason=spawning_stopped
2026-03-25T14:13:44.6003400Z,20260325_141344_600,SESSION_START,0.000,64,0,0,64,0,0,0,,,,initial_pool=64;expansion_size=16;allow_expand=True;visible_cap=False
2026-03-25T14:13:45.5799768Z,20260325_141344_600,SAMPLE,1.001,64,8,1,56,8,0,0,,,,
2026-03-25T14:13:46.5821459Z,20260325_141344_600,SAMPLE,2.002,64,17,2,47,17,0,0,,,,
2026-03-25T14:13:47.5842774Z,20260325_141344_600,SAMPLE,3.005,64,25,4,39,25,0,0,,,,
2026-03-25T14:13:48.5791058Z,20260325_141344_600,SAMPLE,4.000,64,33,13,31,33,0,0,,,,
2026-03-25T14:13:49.5807813Z,20260325_141344_600,SAMPLE,5.002,64,39,18,24,40,0,0,,,,
2026-03-25T14:13:50.5800131Z,20260325_141344_600,SAMPLE,6.001,64,43,21,21,43,0,0,,,,
2026-03-25T14:13:51.5845874Z,20260325_141344_600,SAMPLE,7.005,64,45,20,18,46,0,0,,,,
2026-03-25T14:13:52.5849145Z,20260325_141344_600,SAMPLE,8.006,64,48,24,16,48,0,0,,,,
2026-03-25T14:13:53.5842309Z,20260325_141344_600,SAMPLE,9.005,64,53,24,11,53,0,0,,,,
2026-03-25T14:13:54.5870369Z,20260325_141344_600,SAMPLE,10.007,64,56,27,8,56,0,0,,,,
2026-03-25T14:13:55.5858137Z,20260325_141344_600,SAMPLE,11.006,64,60,28,3,60,0,0,,,,
2026-03-25T14:13:55.6870039Z,20260325_141344_600,PLAYER_HIT_IGNORED,11.100,64,59,28,4,60,0,0,,,,position=(-0.13;0.45)
2026-03-25T14:13:56.5161905Z,20260325_141344_600,POOL_EMPTY,11.937,64,63,29,0,64,1,0,,,,pool empty; requesting expansion
2026-03-25T14:13:56.5191514Z,20260325_141344_600,POOL_EXPAND,11.937,80,63,29,16,64,1,1,,,,expanded_by=16;new_total_pool=80
2026-03-25T14:13:56.5863277Z,20260325_141344_600,SAMPLE,12.007,80,63,27,16,64,1,1,,,,
2026-03-25T14:13:57.5810251Z,20260325_141344_600,SAMPLE,13.003,80,64,27,15,65,1,1,,,,
2026-03-25T14:13:58.0063816Z,20260325_141344_600,PLAYER_HIT_IGNORED,13.418,80,62,21,16,65,1,1,,,,position=(-0.07;0.57)
2026-03-25T14:13:58.5855959Z,20260325_141344_600,SAMPLE,14.006,80,65,26,14,65,1,1,,,,
2026-03-25T14:13:59.5838340Z,20260325_141344_600,PLAYER_HIT_IGNORED,14.999,80,65,28,14,67,1,1,,,,position=(-0.13;0.38)
2026-03-25T14:13:59.5863512Z,20260325_141344_600,SAMPLE,15.005,80,65,27,14,67,1,1,,,,
2026-03-25T14:13:59.9215535Z,20260325_141344_600,PLAYER_HIT_IGNORED,15.336,80,65,27,14,67,1,1,,,,position=(-0.03;0.61)
2026-03-25T14:14:00.5786385Z,20260325_141344_600,SAMPLE,16.000,80,65,29,14,67,1,1,,,,
2026-03-25T14:14:01.5809049Z,20260325_141344_600,SAMPLE,17.002,80,63,22,16,67,1,1,,,,
2026-03-25T14:14:02.0819305Z,20260325_141344_600,PLAYER_HIT_IGNORED,17.493,80,62,28,16,67,1,1,,,,position=(-0.01;0.60)
2026-03-25T14:14:02.5828249Z,20260325_141344_600,SAMPLE,18.003,80,62,27,17,67,1,1,,,,
2026-03-25T14:14:02.7852374Z,20260325_141344_600,PLAYER_HIT_IGNORED,18.199,80,60,29,17,67,1,1,,,,position=(-0.07;0.59)
2026-03-25T14:14:03.5857134Z,20260325_141344_600,SAMPLE,19.006,80,62,33,18,67,1,1,,,,
2026-03-25T14:14:04.5820097Z,20260325_141344_600,SAMPLE,20.003,80,61,26,18,67,1,1,,,,
2026-03-25T14:14:05.5838546Z,20260325_141344_600,SAMPLE,21.004,80,60,22,19,67,1,1,,,,
2026-03-25T14:14:06.0627298Z,20260325_141344_600,PLAYER_HIT_IGNORED,21.477,80,58,24,20,67,1,1,,,,position=(-0.13;0.50)
2026-03-25T14:14:06.5801504Z,20260325_141344_600,SAMPLE,22.001,80,58,24,21,67,1,1,,,,
2026-03-25T14:14:07.5842111Z,20260325_141344_600,SAMPLE,23.004,80,58,22,21,67,1,1,,,,
2026-03-25T14:14:08.5802171Z,20260325_141344_600,SAMPLE,24.000,80,60,28,20,67,1,1,,,,
2026-03-25T14:14:09.5856677Z,20260325_141344_600,SAMPLE,25.006,80,59,27,20,67,1,1,,,,
2026-03-25T14:14:10.5806514Z,20260325_141344_600,SAMPLE,26.001,80,59,26,21,67,1,1,,,,
2026-03-25T14:14:11.2233325Z,20260325_141344_600,PLAYER_HIT_IGNORED,26.637,80,57,27,21,67,1,1,,,,position=(0.02;0.61)
2026-03-25T14:14:11.5826175Z,20260325_141344_600,SAMPLE,27.003,80,59,25,21,67,1,1,,,,
2026-03-25T14:14:12.5814082Z,20260325_141344_600,SAMPLE,28.002,80,61,23,18,67,1,1,,,,
2026-03-25T14:14:12.6635566Z,20260325_141344_600,PLAYER_HIT_IGNORED,28.078,80,60,23,19,67,1,1,,,,position=(0.06;0.60)
2026-03-25T14:14:13.5799805Z,20260325_141344_600,SAMPLE,29.000,80,60,23,18,67,1,1,,,,
2026-03-25T14:14:14.4256321Z,20260325_141344_600,PLAYER_HIT_IGNORED,29.839,80,63,27,16,67,1,1,,,,position=(0.12;0.47)
2026-03-25T14:14:14.5861472Z,20260325_141344_600,SAMPLE,30.006,80,62,26,16,67,1,1,,,,
2026-03-25T14:14:15.2246721Z,20260325_141344_600,PLAYER_HIT_IGNORED,30.638,80,64,31,14,67,1,1,,,,position=(0.07;0.57)
2026-03-25T14:14:15.5804092Z,20260325_141344_600,SAMPLE,31.001,80,66,30,13,67,1,1,,,,
2026-03-25T14:14:16.1143385Z,20260325_141344_600,SESSION_END,31.535,80,68,34,12,68,1,1,53.516,22.645,33,samples=31;reason=spawning_stopped
2026-03-25T14:14:16.5461432Z,20260325_141416_546,SESSION_START,0.000,64,0,0,64,0,0,0,,,,initial_pool=64;expansion_size=16;allow_expand=True;visible_cap=False
2026-03-25T14:14:17.5237321Z,20260325_141416_546,SAMPLE,1.004,64,9,0,55,9,0,0,,,,
2026-03-25T14:14:18.5240044Z,20260325_141416_546,SAMPLE,2.005,64,17,2,47,17,0,0,,,,
2026-03-25T14:14:19.5262206Z,20260325_141416_546,SAMPLE,3.007,64,25,5,39,25,0,0,,,,
2026-03-25T14:14:20.5233086Z,20260325_141416_546,SAMPLE,4.004,64,33,15,31,33,0,0,,,,
2026-03-25T14:14:24.5908507Z,20260325_141416_546,SESSION_END,4.662,64,39,0,25,39,0,0,21.000,5.500,15,samples=4;reason=spawner_destroyed
2026-03-25T14:14:55.9309624Z,20260325_141455_923,SESSION_START,0.000,64,0,0,64,0,0,0,,,,initial_pool=64;expansion_size=16;allow_expand=True;visible_cap=False
2026-03-25T14:14:58.4278596Z,20260325_141455_923,SAMPLE,1.001,64,8,0,56,8,0,0,,,,
2026-03-25T14:14:59.4273076Z,20260325_141455_923,SAMPLE,2.002,64,16,0,48,16,0,0,,,,
2026-03-25T14:15:00.4299011Z,20260325_141455_923,SAMPLE,3.004,64,25,4,39,25,0,0,,,,
2026-03-25T14:15:01.4264489Z,20260325_141455_923,SAMPLE,4.001,64,33,14,31,33,0,0,,,,
2026-03-25T14:15:02.4294461Z,20260325_141455_923,SAMPLE,5.004,64,39,19,24,39,0,0,,,,
2026-03-25T14:15:03.4277644Z,20260325_141455_923,SAMPLE,6.002,64,44,22,20,44,0,0,,,,
2026-03-25T14:15:04.4284183Z,20260325_141455_923,SAMPLE,7.003,64,49,26,14,49,0,0,,,,
2026-03-25T14:15:05.4279670Z,20260325_141455_923,SAMPLE,8.003,64,49,25,13,50,0,0,,,,
2026-03-25T14:15:06.4280726Z,20260325_141455_923,SAMPLE,9.002,64,53,21,11,53,0,0,,,,
2026-03-25T14:15:07.4263378Z,20260325_141455_923,SAMPLE,10.000,64,56,22,8,56,0,0,,,,
2026-03-25T14:15:08.1333083Z,20260325_141455_923,PLAYER_HIT_IGNORED,10.697,64,58,23,4,60,0,0,,,,position=(-0.10;0.54)
2026-03-25T14:15:08.3705854Z,20260325_141455_923,PLAYER_HIT_IGNORED,10.938,64,59,22,4,60,0,0,,,,position=(0.10;0.56)
2026-03-25T14:15:08.4264856Z,20260325_141455_923,SAMPLE,11.001,64,59,23,4,60,0,0,,,,
2026-03-25T14:15:09.0140101Z,20260325_141455_923,POOL_EMPTY,11.589,64,63,29,0,64,1,0,,,,pool empty; requesting expansion
2026-03-25T14:15:09.0271240Z,20260325_141455_923,POOL_EXPAND,11.589,80,63,29,16,64,1,1,,,,expanded_by=16;new_total_pool=80
2026-03-25T14:15:09.4318796Z,20260325_141455_923,SAMPLE,12.006,80,65,29,15,65,1,1,,,,
2026-03-25T14:15:10.4297838Z,20260325_141455_923,SAMPLE,13.004,80,65,29,15,66,1,1,,,,
2026-03-25T14:15:11.4297361Z,20260325_141455_923,SAMPLE,14.004,80,63,32,16,66,1,1,,,,
2026-03-25T14:15:12.4276253Z,20260325_141455_923,SAMPLE,15.002,80,65,28,14,66,1,1,,,,
2026-03-25T14:15:12.8511156Z,20260325_141455_923,PLAYER_HIT_IGNORED,15.418,80,64,25,13,66,1,1,,,,position=(0.06;0.57)
2026-03-25T14:15:13.4262405Z,20260325_141455_923,SAMPLE,16.001,80,68,21,12,68,1,1,,,,
2026-03-25T14:15:13.5309896Z,20260325_141455_923,PLAYER_HIT_IGNORED,16.094,80,67,21,12,68,1,1,,,,position=(-0.04;0.61)
2026-03-25T14:15:14.4292126Z,20260325_141455_923,SAMPLE,17.004,80,68,27,12,69,1,1,,,,
2026-03-25T14:15:15.4296075Z,20260325_141455_923,SAMPLE,18.004,80,66,29,13,69,1,1,,,,
2026-03-25T14:15:15.5164935Z,20260325_141455_923,PLAYER_HIT_IGNORED,18.079,80,65,29,14,69,1,1,,,,position=(0.12;0.38)
2026-03-25T14:15:15.9477635Z,20260325_141455_923,PLAYER_HIT_IGNORED,18.516,80,65,29,13,69,1,1,,,,position=(0.06;0.60)
2026-03-25T14:15:16.4288232Z,20260325_141455_923,SAMPLE,19.003,80,67,26,12,69,1,1,,,,
2026-03-25T14:15:16.9114722Z,20260325_141455_923,PLAYER_HIT_IGNORED,19.475,80,66,28,12,69,1,1,,,,position=(-0.02;0.60)
2026-03-25T14:15:17.4261916Z,20260325_141455_923,SAMPLE,20.001,80,68,26,11,69,1,1,,,,
2026-03-25T14:15:18.4272248Z,20260325_141455_923,SAMPLE,21.002,80,67,25,12,69,1,1,,,,
2026-03-25T14:15:19.4303560Z,20260325_141455_923,SAMPLE,22.004,80,71,27,7,72,1,1,,,,
2026-03-25T14:15:20.4287009Z,20260325_141455_923,SAMPLE,23.003,80,73,26,6,74,1,1,,,,
2026-03-25T14:15:21.4295352Z,20260325_141455_923,SAMPLE,24.003,80,74,32,5,74,1,1,,,,
2026-03-25T14:15:21.4709729Z,20260325_141455_923,PLAYER_HIT_IGNORED,24.039,80,73,32,5,74,1,1,,,,position=(0.08;0.59)
2026-03-25T14:15:21.9482136Z,20260325_141455_923,PLAYER_HIT_IGNORED,24.516,80,72,29,6,74,1,1,,,,position=(0.13;0.49)
2026-03-25T14:15:22.3657681Z,20260325_141455_923,PLAYER_HIT_IGNORED,24.935,80,72,29,6,74,1,1,,,,position=(-0.09;0.57)
2026-03-25T14:15:22.4347327Z,20260325_141455_923,SAMPLE,25.009,80,72,30,7,74,1,1,,,,
2026-03-25T14:15:23.4302122Z,20260325_141455_923,SAMPLE,26.004,80,70,24,8,74,1,1,,,,
2026-03-25T14:15:23.6302187Z,20260325_141455_923,PLAYER_HIT_IGNORED,26.198,80,70,29,9,74,1,1,,,,position=(0.07;0.57)
2026-03-25T14:15:24.4328653Z,20260325_141455_923,SAMPLE,27.007,80,70,29,9,74,1,1,,,,
2026-03-25T14:15:25.0410638Z,20260325_141455_923,SESSION_END,27.614,80,69,27,10,74,1,1,56.407,22.815,32,samples=27;reason=spawning_stopped
2026-03-25T14:15:25.5135581Z,20260325_141525_513,SESSION_START,0.000,64,0,0,64,0,0,0,,,,initial_pool=64;expansion_size=16;allow_expand=True;visible_cap=False
2026-03-25T14:15:26.4623517Z,20260325_141525_513,SAMPLE,1.006,64,8,1,56,8,0,0,,,,
2026-03-25T14:15:27.4615896Z,20260325_141525_513,SAMPLE,2.006,64,16,3,48,16,0,0,,,,
2026-03-25T14:15:28.4616646Z,20260325_141525_513,SAMPLE,3.006,64,25,4,39,25,0,0,,,,
2026-03-25T14:15:29.4604194Z,20260325_141525_513,SAMPLE,4.005,64,33,15,31,33,0,0,,,,
2026-03-25T14:15:30.4594697Z,20260325_141525_513,SAMPLE,5.003,64,39,19,24,40,0,0,,,,
2026-03-25T14:15:31.4563006Z,20260325_141525_513,SAMPLE,6.000,64,42,21,21,42,0,0,,,,
2026-03-25T14:15:32.4587338Z,20260325_141525_513,SAMPLE,7.004,64,46,28,18,46,0,0,,,,
2026-03-25T14:15:32.6041459Z,20260325_141525_513,PLAYER_HIT_IGNORED,7.142,64,45,28,17,47,0,0,,,,position=(-0.10;0.57)
2026-03-25T14:15:33.4572641Z,20260325_141525_513,SAMPLE,8.001,64,51,33,13,51,0,0,,,,
2026-03-25T14:15:34.4576548Z,20260325_141525_513,SAMPLE,9.002,64,55,29,8,55,0,0,,,,
2026-03-25T14:15:34.5643894Z,20260325_141525_513,PLAYER_HIT_IGNORED,9.102,64,55,29,7,56,0,0,,,,position=(0.13;0.38)
2026-03-25T14:15:35.4569881Z,20260325_141525_513,SAMPLE,10.001,64,58,29,5,59,0,0,,,,
2026-03-25T14:15:35.9676300Z,20260325_141525_513,PLAYER_HIT_IGNORED,10.503,64,62,30,1,63,0,0,,,,position=(-0.04;0.60)
2026-03-25T14:15:36.3105262Z,20260325_141525_513,POOL_EMPTY,10.854,64,64,28,0,64,1,0,,,,pool empty; requesting expansion
2026-03-25T14:15:36.3205692Z,20260325_141525_513,POOL_EXPAND,10.854,80,64,28,16,64,1,1,,,,expanded_by=16;new_total_pool=80
2026-03-25T14:15:36.4560993Z,20260325_141525_513,SAMPLE,11.000,80,65,32,14,65,1,1,,,,
2026-03-25T14:15:37.4560208Z,20260325_141525_513,SAMPLE,12.001,80,67,30,12,68,1,1,,,,
2026-03-25T14:15:38.4566641Z,20260325_141525_513,SAMPLE,13.001,80,71,30,8,72,1,1,,,,
2026-03-25T14:15:39.4550231Z,20260325_141525_513,SAMPLE,14.000,80,72,31,8,72,1,1,,,,
2026-03-25T14:15:40.4606080Z,20260325_141525_513,SAMPLE,15.005,80,71,29,9,74,1,1,,,,
2026-03-25T14:15:41.4561574Z,20260325_141525_513,SAMPLE,16.000,80,68,28,11,74,1,1,,,,
2026-03-25T14:15:42.4599095Z,20260325_141525_513,SAMPLE,17.004,80,69,27,10,74,1,1,,,,
2026-03-25T14:15:43.4585908Z,20260325_141525_513,SAMPLE,18.003,80,65,30,15,74,1,1,,,,
2026-03-25T14:15:43.8861776Z,20260325_141525_513,PLAYER_HIT_IGNORED,18.423,80,65,31,13,74,1,1,,,,position=(0.12;0.34)
2026-03-25T14:15:44.4569747Z,20260325_141525_513,SAMPLE,19.001,80,65,26,15,74,1,1,,,,
2026-03-25T14:15:45.4595593Z,20260325_141525_513,SAMPLE,20.004,80,63,22,16,74,1,1,,,,
2026-03-25T14:15:45.8038039Z,20260325_141525_513,PLAYER_HIT_IGNORED,20.340,80,61,26,18,74,1,1,,,,position=(0.13;0.48)
2026-03-25T14:15:46.0867149Z,20260325_141525_513,PLAYER_HIT_IGNORED,20.624,80,60,26,18,74,1,1,,,,position=(0.05;0.59)
2026-03-25T14:15:46.4577205Z,20260325_141525_513,SAMPLE,21.001,80,61,25,19,74,1,1,,,,
2026-03-25T14:15:47.4629254Z,20260325_141525_513,SAMPLE,22.006,80,59,23,19,74,1,1,,,,
2026-03-25T14:15:48.3858010Z,20260325_141525_513,PLAYER_HIT_IGNORED,22.924,80,60,22,17,74,1,1,,,,position=(0.11;0.54)
2026-03-25T14:15:48.4551801Z,20260325_141525_513,SAMPLE,23.000,80,60,22,18,74,1,1,,,,
2026-03-25T14:15:49.4555078Z,20260325_141525_513,SAMPLE,24.000,80,59,30,21,74,1,1,,,,
2026-03-25T14:15:50.4587233Z,20260325_141525_513,SAMPLE,25.002,80,61,31,18,74,1,1,,,,
2026-03-25T14:15:51.4620914Z,20260325_141525_513,SAMPLE,26.006,80,63,28,17,74,1,1,,,,
2026-03-25T14:15:52.4605004Z,20260325_141525_513,SAMPLE,27.005,80,64,28,16,74,1,1,,,,
2026-03-25T14:15:53.4571489Z,20260325_141525_513,SAMPLE,28.001,80,67,30,11,74,1,1,,,,
2026-03-25T14:15:53.6258425Z,20260325_141525_513,SESSION_END,28.170,80,68,29,11,74,1,1,55.107,24.429,33,samples=28;reason=spawning_stopped
2026-03-25T14:15:54.0734320Z,20260325_141554_073,SESSION_START,0.000,64,0,0,64,0,0,0,,,,initial_pool=64;expansion_size=16;allow_expand=True;visible_cap=False
2026-03-25T14:15:55.0316549Z,20260325_141554_073,SAMPLE,1.004,64,8,0,56,8,0,0,,,,
2026-03-25T14:15:56.0339049Z,20260325_141554_073,SAMPLE,2.006,64,17,1,47,17,0,0,,,,
2026-03-25T14:15:57.0304330Z,20260325_141554_073,SAMPLE,3.003,64,25,5,39,25,0,0,,,,
2026-03-25T14:15:58.0345591Z,20260325_141554_073,SAMPLE,4.006,64,33,12,31,33,0,0,,,,
2026-03-25T14:15:59.0329378Z,20260325_141554_073,SAMPLE,5.005,64,40,20,23,41,0,0,,,,
2026-03-25T14:16:00.0302104Z,20260325_141554_073,SAMPLE,6.003,64,46,26,18,46,0,0,,,,
2026-03-25T14:16:01.0330582Z,20260325_141554_073,SAMPLE,7.005,64,48,23,16,48,0,0,,,,
2026-03-25T14:16:02.0315455Z,20260325_141554_073,SAMPLE,8.004,64,50,27,13,51,0,0,,,,
2026-03-25T14:16:02.2578597Z,20260325_141554_073,PLAYER_HIT_IGNORED,8.223,64,51,28,12,52,0,0,,,,position=(0.04;0.59)
2026-03-25T14:16:02.5585894Z,20260325_141554_073,PLAYER_HIT_IGNORED,8.524,64,52,27,10,53,0,0,,,,position=(-0.12;0.50)
2026-03-25T14:16:02.7363828Z,20260325_141554_073,PLAYER_HIT_IGNORED,8.701,64,52,26,11,53,0,0,,,,position=(0.07;0.60)
2026-03-25T14:16:03.0291062Z,20260325_141554_073,SAMPLE,9.002,64,54,25,10,54,0,0,,,,
2026-03-25T14:16:03.3791303Z,20260325_141554_073,PLAYER_HIT_IGNORED,9.345,64,55,26,8,56,0,0,,,,position=(-0.12;0.53)
2026-03-25T14:16:04.0274102Z,20260325_141554_073,SAMPLE,10.000,64,58,29,5,58,0,0,,,,
2026-03-25T14:16:04.8793618Z,20260325_141554_073,PLAYER_HIT_IGNORED,10.845,64,60,31,2,62,0,0,,,,position=(0.13;0.47)
2026-03-25T14:16:05.0316841Z,20260325_141554_073,SAMPLE,11.004,64,60,27,2,62,0,0,,,,
2026-03-25T14:16:06.0305002Z,20260325_141554_073,SAMPLE,12.003,64,61,26,2,62,0,0,,,,
2026-03-25T14:16:06.5362068Z,20260325_141554_073,POOL_EMPTY,12.508,64,62,28,0,64,1,0,,,,pool empty; requesting expansion
2026-03-25T14:16:06.5472906Z,20260325_141554_073,POOL_EXPAND,12.508,80,62,28,16,64,1,1,,,,expanded_by=16;new_total_pool=80
2026-03-25T14:16:07.0323509Z,20260325_141554_073,SAMPLE,13.005,80,63,30,17,64,1,1,,,,
2026-03-25T14:16:07.5187661Z,20260325_141554_073,PLAYER_HIT_IGNORED,13.485,80,60,30,18,64,1,1,,,,position=(0.03;0.61)
2026-03-25T14:16:08.0322544Z,20260325_141554_073,SAMPLE,14.004,80,59,24,19,64,1,1,,,,
2026-03-25T14:16:09.0332014Z,20260325_141554_073,SAMPLE,15.006,80,60,24,19,64,1,1,,,,
2026-03-25T14:16:09.0951392Z,20260325_141554_073,PLAYER_HIT_IGNORED,15.060,80,60,24,18,64,1,1,,,,position=(-0.13;0.34)
2026-03-25T14:16:09.5380790Z,20260325_141554_073,PLAYER_HIT_IGNORED,15.504,80,58,25,20,64,1,1,,,,position=(0.03;0.59)
2026-03-25T14:16:09.9942524Z,20260325_141554_073,PLAYER_HIT_IGNORED,15.960,80,58,27,21,64,1,1,,,,position=(0.13;0.44)
2026-03-25T14:16:10.0307995Z,20260325_141554_073,SAMPLE,16.003,80,58,24,20,64,1,1,,,,
2026-03-25T14:16:10.9409367Z,20260325_141554_073,PLAYER_HIT_IGNORED,16.906,80,56,20,21,64,1,1,,,,position=(-0.01;0.60)
2026-03-25T14:16:11.0286749Z,20260325_141554_073,SAMPLE,17.001,80,55,20,23,64,1,1,,,,
2026-03-25T14:16:12.0284881Z,20260325_141554_073,SAMPLE,18.001,80,59,25,21,64,1,1,,,,
2026-03-25T14:16:13.0318952Z,20260325_141554_073,SAMPLE,19.004,80,60,27,20,64,1,1,,,,
2026-03-25T14:16:13.6016653Z,20260325_141554_073,PLAYER_HIT_IGNORED,19.564,80,59,30,19,64,1,1,,,,position=(-0.10;0.35)
2026-03-25T14:16:14.0323831Z,20260325_141554_073,SAMPLE,20.004,80,61,29,19,64,1,1,,,,
2026-03-25T14:16:14.6702212Z,20260325_141554_073,SESSION_END,20.642,80,59,26,20,64,1,1,48.750,21.200,30,samples=20;reason=spawning_stopped
2026-03-25T14:16:14.6913225Z,ROLLING_10,ROLLING_AVG_10,20.642,80,53,22,27,70,1,1,53.113,22.262,32,sessions=1-10;avg_duration=31.464
2026-03-25T14:16:15.1283109Z,20260325_141615_127,SESSION_START,0.000,64,0,0,64,0,0,0,,,,initial_pool=64;expansion_size=16;allow_expand=True;visible_cap=False
2026-03-25T14:16:16.0758587Z,20260325_141615_127,SAMPLE,1.003,64,8,0,56,8,0,0,,,,
2026-03-25T14:16:17.0761906Z,20260325_141615_127,SAMPLE,2.003,64,16,0,48,16,0,0,,,,
2026-03-25T14:16:18.0783183Z,20260325_141615_127,SAMPLE,3.006,64,25,3,39,25,0,0,,,,
2026-03-25T14:16:19.0778825Z,20260325_141615_127,SAMPLE,4.005,64,33,11,31,33,0,0,,,,
2026-03-25T14:16:20.0738156Z,20260325_141615_127,SAMPLE,5.002,64,40,20,23,41,0,0,,,,
2026-03-25T14:16:21.0788780Z,20260325_141615_127,SAMPLE,6.007,64,43,21,21,43,0,0,,,,
2026-03-25T14:16:22.0758170Z,20260325_141615_127,SAMPLE,7.003,64,46,20,18,46,0,0,,,,
2026-03-25T14:16:23.0772865Z,20260325_141615_127,SAMPLE,8.005,64,49,25,15,49,0,0,,,,
2026-03-25T14:16:23.3527484Z,20260325_141615_127,PLAYER_HIT_IGNORED,8.274,64,50,25,12,51,0,0,,,,position=(-0.13;0.31)
2026-03-25T14:16:23.4923079Z,20260325_141615_127,PLAYER_HIT_IGNORED,8.413,64,49,23,12,51,0,0,,,,position=(0.06;0.59)
2026-03-25T14:16:24.0731610Z,20260325_141615_127,SAMPLE,9.001,64,51,26,12,51,0,0,,,,
2026-03-25T14:16:25.0773811Z,20260325_141615_127,SAMPLE,10.005,64,55,24,9,55,0,0,,,,
2026-03-25T14:16:26.0777816Z,20260325_141615_127,SAMPLE,11.005,64,58,20,5,58,0,0,,,,
2026-03-25T14:16:27.0774492Z,20260325_141615_127,SAMPLE,12.004,64,61,24,2,62,0,0,,,,
2026-03-25T14:16:28.0754888Z,20260325_141615_127,SAMPLE,13.002,64,62,26,1,63,0,0,,,,
2026-03-25T14:16:28.2153408Z,20260325_141615_127,PLAYER_HIT_IGNORED,13.136,64,61,26,1,63,0,0,,,,position=(0.03;0.61)
2026-03-25T14:16:29.0730727Z,20260325_141615_127,SAMPLE,14.000,64,61,23,1,63,0,0,,,,
2026-03-25T14:16:29.5566062Z,20260325_141615_127,POOL_EMPTY,14.484,64,63,22,0,63,1,0,,,,pool empty; requesting expansion
2026-03-25T14:16:29.5691596Z,20260325_141615_127,POOL_EXPAND,14.484,80,63,22,16,63,1,1,,,,expanded_by=16;new_total_pool=80
2026-03-25T14:16:30.0761103Z,20260325_141615_127,SAMPLE,15.003,80,64,24,16,64,1,1,,,,
2026-03-25T14:16:31.0776606Z,20260325_141615_127,SAMPLE,16.004,80,67,28,12,68,1,1,,,,
2026-03-25T14:16:32.0745355Z,20260325_141615_127,SAMPLE,17.002,80,65,28,14,68,1,1,,,,
2026-03-25T14:16:33.0784590Z,20260325_141615_127,SAMPLE,18.006,80,64,22,15,68,1,1,,,,
2026-03-25T14:16:33.4719035Z,20260325_141615_127,PLAYER_HIT_IGNORED,18.393,80,65,30,14,68,1,1,,,,position=(0.06;0.60)
2026-03-25T14:16:33.7312688Z,20260325_141615_127,PLAYER_HIT_IGNORED,18.653,80,63,28,15,68,1,1,,,,position=(-0.03;0.60)
2026-03-25T14:16:34.0795816Z,20260325_141615_127,SAMPLE,19.007,80,63,26,17,68,1,1,,,,
2026-03-25T14:16:35.0743282Z,20260325_141615_127,PLAYER_HIT_IGNORED,19.995,80,64,28,15,68,1,1,,,,position=(-0.12;0.42)
2026-03-25T14:16:35.0855197Z,20260325_141615_127,SAMPLE,20.002,80,64,27,15,68,1,1,,,,
2026-03-25T14:16:35.4792958Z,20260325_141615_127,SESSION_END,20.406,80,66,26,12,68,1,1,49.750,19.900,28,samples=20;reason=spawning_stopped
2026-03-25T14:16:35.9140037Z,20260325_141635_914,SESSION_START,0.000,64,0,0,64,0,0,0,,,,initial_pool=64;expansion_size=16;allow_expand=True;visible_cap=False
2026-03-25T14:16:36.8726800Z,20260325_141635_914,SAMPLE,1.003,64,9,0,55,9,0,0,,,,
2026-03-25T14:16:37.8746724Z,20260325_141635_914,SAMPLE,2.004,64,17,2,47,17,0,0,,,,
2026-03-25T14:16:38.8723244Z,20260325_141635_914,SAMPLE,3.003,64,25,5,39,25,0,0,,,,
2026-03-25T14:16:39.8727895Z,20260325_141635_914,SAMPLE,4.003,64,33,16,31,33,0,0,,,,
2026-03-25T14:16:40.8711879Z,20260325_141635_914,PLAYER_HIT_IGNORED,4.995,64,39,19,23,40,0,0,,,,position=(0.13;0.48)
2026-03-25T14:16:40.8807358Z,20260325_141635_914,SAMPLE,5.001,64,39,18,23,40,0,0,,,,
2026-03-25T14:16:41.8732657Z,20260325_141635_914,SAMPLE,6.003,64,39,22,23,40,0,0,,,,
2026-03-25T14:16:42.7370145Z,20260325_141635_914,PLAYER_HIT_IGNORED,6.860,64,40,21,22,41,0,0,,,,position=(-0.08;0.58)
2026-03-25T14:16:42.8739233Z,20260325_141635_914,SAMPLE,7.004,64,40,19,22,41,0,0,,,,
2026-03-25T14:16:43.8714449Z,20260325_141635_914,SAMPLE,8.002,64,43,19,20,43,0,0,,,,
2026-03-25T14:16:44.8705015Z,20260325_141635_914,SAMPLE,9.001,64,47,25,16,48,0,0,,,,
2026-03-25T14:16:45.8726857Z,20260325_141635_914,SAMPLE,10.002,64,50,25,12,51,0,0,,,,
2026-03-25T14:16:46.0974209Z,20260325_141635_914,PLAYER_HIT_IGNORED,10.220,64,49,25,13,51,0,0,,,,position=(-0.04;0.61)
2026-03-25T14:16:46.8751521Z,20260325_141635_914,SAMPLE,11.005,64,54,26,10,54,0,0,,,,
2026-03-25T14:16:47.8715074Z,20260325_141635_914,SAMPLE,12.002,64,57,21,6,57,0,0,,,,
2026-03-25T14:16:48.8718215Z,20260325_141635_914,SAMPLE,13.001,64,61,21,3,61,0,0,,,,
2026-03-25T14:16:49.3585230Z,20260325_141635_914,POOL_EMPTY,13.488,64,62,22,0,63,1,0,,,,pool empty; requesting expansion
2026-03-25T14:16:49.3702888Z,20260325_141635_914,POOL_EXPAND,13.488,80,62,22,16,63,1,1,,,,expanded_by=16;new_total_pool=80
2026-03-25T14:16:49.8733904Z,20260325_141635_914,SAMPLE,14.003,80,65,24,15,65,1,1,,,,
2026-03-25T14:16:50.8716042Z,20260325_141635_914,SAMPLE,15.001,80,66,27,13,67,1,1,,,,
2026-03-25T14:16:51.8737131Z,20260325_141635_914,SAMPLE,16.003,80,66,26,14,67,1,1,,,,
2026-03-25T14:16:52.8726088Z,20260325_141635_914,SAMPLE,17.002,80,67,28,12,68,1,1,,,,
2026-03-25T14:16:53.8702092Z,20260325_141635_914,SAMPLE,18.000,80,67,28,12,69,1,1,,,,
2026-03-25T14:16:54.8703697Z,20260325_141635_914,SAMPLE,19.000,80,66,24,14,69,1,1,,,,
2026-03-25T14:16:55.8746477Z,20260325_141635_914,SAMPLE,20.004,80,67,24,11,69,1,1,,,,
2026-03-25T14:16:56.3967582Z,20260325_141635_914,SESSION_END,20.526,80,65,24,14,69,1,1,48.900,20.000,28,samples=20;reason=spawning_stopped
2026-03-25T14:16:56.8356835Z,20260325_141656_834,SESSION_START,0.000,64,0,0,64,0,0,0,,,,initial_pool=64;expansion_size=16;allow_expand=True;visible_cap=False
2026-03-25T14:16:57.7890617Z,20260325_141656_834,SAMPLE,1.000,64,8,1,56,8,0,0,,,,
2026-03-25T14:16:58.7895658Z,20260325_141656_834,SAMPLE,2.001,64,17,3,47,17,0,0,,,,
2026-03-25T14:16:59.7906169Z,20260325_141656_834,SAMPLE,3.002,64,25,6,39,25,0,0,,,,
2026-03-25T14:17:00.7915106Z,20260325_141656_834,SAMPLE,4.003,64,33,13,31,33,0,0,,,,
2026-03-25T14:17:01.7926068Z,20260325_141656_834,SAMPLE,5.004,64,39,20,24,39,0,0,,,,
2026-03-25T14:17:02.5814701Z,20260325_141656_834,PLAYER_HIT_IGNORED,5.785,64,43,22,20,44,0,0,,,,position=(0.05;0.58)
2026-03-25T14:17:02.7885612Z,20260325_141656_834,SAMPLE,6.000,64,43,23,20,44,0,0,,,,
2026-03-25T14:17:03.2344699Z,20260325_141656_834,PLAYER_HIT_IGNORED,6.439,64,44,24,18,46,0,0,,,,position=(-0.13;0.52)
2026-03-25T14:17:03.7151988Z,20260325_141656_834,PLAYER_HIT_IGNORED,6.920,64,46,25,17,47,0,0,,,,position=(0.13;0.36)
2026-03-25T14:17:03.7904796Z,20260325_141656_834,SAMPLE,7.001,64,47,24,16,47,0,0,,,,
2026-03-25T14:17:04.3385394Z,20260325_141656_834,PLAYER_HIT_IGNORED,7.544,64,47,24,16,48,0,0,,,,position=(-0.11;0.54)
2026-03-25T14:17:04.6385472Z,20260325_141656_834,PLAYER_HIT_IGNORED,7.844,64,46,24,15,48,0,0,,,,position=(0.13;0.44)
2026-03-25T14:17:04.7955650Z,20260325_141656_834,SAMPLE,8.007,64,47,24,17,48,0,0,,,,
2026-03-25T14:17:05.7909914Z,20260325_141656_834,SAMPLE,9.003,64,51,20,13,51,0,0,,,,
2026-03-25T14:17:06.7914417Z,20260325_141656_834,SAMPLE,10.002,64,53,26,10,53,0,0,,,,
2026-03-25T14:17:07.7903816Z,20260325_141656_834,SAMPLE,11.001,64,56,27,7,56,0,0,,,,
2026-03-25T14:17:08.7934645Z,20260325_141656_834,SAMPLE,12.004,64,58,26,5,58,0,0,,,,
2026-03-25T14:17:09.7914479Z,20260325_141656_834,SAMPLE,13.002,64,57,25,6,59,0,0,,,,
2026-03-25T14:17:10.7920150Z,20260325_141656_834,SAMPLE,14.003,64,59,21,4,61,0,0,,,,
2026-03-25T14:17:11.7911696Z,20260325_141656_834,SAMPLE,15.002,64,61,23,2,61,0,0,,,,
2026-03-25T14:17:12.2166504Z,20260325_141656_834,PLAYER_HIT_IGNORED,15.422,64,60,25,2,62,0,0,,,,position=(0.12;0.50)
2026-03-25T14:17:12.7930758Z,20260325_141656_834,SAMPLE,16.005,64,61,22,3,62,0,0,,,,
2026-03-25T14:17:13.5009922Z,20260325_141656_834,POOL_EMPTY,16.712,64,63,25,0,64,1,0,,,,pool empty; requesting expansion
2026-03-25T14:17:13.5120524Z,20260325_141656_834,POOL_EXPAND,16.712,80,63,25,16,64,1,1,,,,expanded_by=16;new_total_pool=80
2026-03-25T14:17:13.7920255Z,20260325_141656_834,SAMPLE,17.003,80,65,28,15,65,1,1,,,,
2026-03-25T14:17:14.6794780Z,20260325_141656_834,PLAYER_HIT_IGNORED,17.884,80,66,29,12,67,1,1,,,,position=(0.02;0.60)
2026-03-25T14:17:14.7915877Z,20260325_141656_834,SAMPLE,18.003,80,66,30,13,67,1,1,,,,
2026-03-25T14:17:15.7914773Z,20260325_141656_834,SAMPLE,19.003,80,70,30,10,70,1,1,,,,
2026-03-25T14:17:16.7904100Z,20260325_141656_834,SAMPLE,20.002,80,70,33,8,72,1,1,,,,
2026-03-25T14:17:17.7912647Z,20260325_141656_834,SAMPLE,21.003,80,68,28,11,72,1,1,,,,
2026-03-25T14:17:18.7764221Z,20260325_141656_834,PLAYER_HIT_IGNORED,21.980,80,65,31,14,72,1,1,,,,position=(0.08;0.57)
2026-03-25T14:17:18.7870761Z,20260325_141656_834,SESSION_END,21.988,80,65,30,14,72,1,1,50.190,21.571,33,samples=21;reason=spawning_stopped
2026-03-25T14:17:19.2327118Z,20260325_141719_232,SESSION_START,0.000,64,0,0,64,0,0,0,,,,initial_pool=64;expansion_size=16;allow_expand=True;visible_cap=False
2026-03-25T14:17:20.1625184Z,20260325_141719_232,SAMPLE,1.000,64,8,0,56,8,0,0,,,,
2026-03-25T14:17:21.1659076Z,20260325_141719_232,SAMPLE,2.003,64,17,1,47,17,0,0,,,,
2026-03-25T14:17:22.1624032Z,20260325_141719_232,SAMPLE,3.001,64,25,5,39,25,0,0,,,,
2026-03-25T14:17:23.1650148Z,20260325_141719_232,SAMPLE,4.003,64,33,12,31,33,0,0,,,,
2026-03-25T14:17:24.1661527Z,20260325_141719_232,SAMPLE,5.004,64,41,21,23,41,0,0,,,,
2026-03-25T14:17:24.5262660Z,20260325_141719_232,PLAYER_HIT_IGNORED,5.359,64,41,22,21,43,0,0,,,,position=(-0.12;0.53)
2026-03-25T14:17:25.1641685Z,20260325_141719_232,SAMPLE,6.002,64,44,20,19,45,0,0,,,,
2026-03-25T14:17:26.1679203Z,20260325_141719_232,SAMPLE,7.006,64,48,22,15,48,0,0,,,,
2026-03-25T14:17:27.1677145Z,20260325_141719_232,SAMPLE,8.006,64,49,23,14,49,0,0,,,,
2026-03-25T14:17:28.1635191Z,20260325_141719_232,SAMPLE,9.001,64,52,24,11,52,0,0,,,,
2026-03-25T14:17:29.1676950Z,20260325_141719_232,SAMPLE,10.005,64,56,27,7,57,0,0,,,,
2026-03-25T14:17:30.1663138Z,20260325_141719_232,SAMPLE,11.004,64,61,29,2,61,0,0,,,,
2026-03-25T14:17:30.7625128Z,20260325_141719_232,PLAYER_HIT_IGNORED,11.594,64,62,27,0,63,0,0,,,,position=(0.12;0.36)
2026-03-25T14:17:31.1667221Z,20260325_141719_232,SAMPLE,12.004,64,62,26,1,63,0,0,,,,
2026-03-25T14:17:31.3650894Z,20260325_141719_232,PLAYER_HIT_IGNORED,12.196,64,61,25,2,63,0,0,,,,position=(0.04;0.59)
2026-03-25T14:17:32.1108187Z,20260325_141719_232,SESSION_END,12.949,64,61,24,1,63,0,0,41.333,17.500,29,samples=12;reason=spawning_stopped
2026-03-25T14:17:32.5481072Z,20260325_141732_548,SESSION_START,0.000,64,0,0,64,0,0,0,,,,initial_pool=64;expansion_size=16;allow_expand=True;visible_cap=False
2026-03-25T14:17:33.5057078Z,20260325_141732_548,SAMPLE,1.005,64,8,0,56,8,0,0,,,,
2026-03-25T14:17:34.5011395Z,20260325_141732_548,SAMPLE,2.000,64,16,2,48,16,0,0,,,,
2026-03-25T14:17:35.5011075Z,20260325_141732_548,SAMPLE,3.001,64,25,7,39,25,0,0,,,,
2026-03-25T14:17:36.5063542Z,20260325_141732_548,SAMPLE,4.006,64,33,13,31,33,0,0,,,,
2026-03-25T14:17:37.5051329Z,20260325_141732_548,SAMPLE,5.004,64,39,21,24,40,0,0,,,,
2026-03-25T14:17:38.0454405Z,20260325_141732_548,PLAYER_HIT_IGNORED,5.538,64,41,26,22,42,0,0,,,,position=(0.01;0.60)
2026-03-25T14:17:38.5042134Z,20260325_141732_548,SAMPLE,6.003,64,43,26,20,43,0,0,,,,
2026-03-25T14:17:39.0283085Z,20260325_141732_548,PLAYER_HIT_IGNORED,6.520,64,42,24,20,44,0,0,,,,position=(0.01;0.59)
2026-03-25T14:17:39.5055157Z,20260325_141732_548,PLAYER_HIT_IGNORED,6.999,64,43,22,19,44,0,0,,,,position=(0.13;0.43)
2026-03-25T14:17:39.5160657Z,20260325_141732_548,SAMPLE,7.005,64,42,20,19,44,0,0,,,,
2026-03-25T14:17:40.5041673Z,20260325_141732_548,SAMPLE,8.004,64,45,24,18,46,0,0,,,,
2026-03-25T14:17:41.2269098Z,20260325_141732_548,PLAYER_HIT_IGNORED,8.720,64,46,27,17,47,0,0,,,,position=(-0.10;0.57)
2026-03-25T14:17:41.5062482Z,20260325_141732_548,SAMPLE,9.005,64,48,27,16,48,0,0,,,,
2026-03-25T14:17:42.5034286Z,20260325_141732_548,SAMPLE,10.002,64,51,23,11,52,0,0,,,,
2026-03-25T14:17:43.5038098Z,20260325_141732_548,SAMPLE,11.002,64,54,30,9,54,0,0,,,,
2026-03-25T14:17:44.4864855Z,20260325_141732_548,PLAYER_HIT_IGNORED,11.979,64,57,30,5,59,0,0,,,,position=(-0.13;0.40)
2026-03-25T14:17:44.5040236Z,20260325_141732_548,SAMPLE,12.003,64,57,29,5,59,0,0,,,,
2026-03-25T14:17:45.5062530Z,20260325_141732_548,SAMPLE,13.005,64,57,22,7,59,0,0,,,,
2026-03-25T14:17:46.5062928Z,20260325_141732_548,SAMPLE,14.005,64,59,25,3,59,0,0,,,,
2026-03-25T14:17:47.2982534Z,20260325_141732_548,POOL_EMPTY,14.797,64,63,33,0,63,1,0,,,,pool empty; requesting expansion
2026-03-25T14:17:47.3088012Z,20260325_141732_548,POOL_EXPAND,14.797,80,63,33,16,63,1,1,,,,expanded_by=16;new_total_pool=80
2026-03-25T14:17:47.5040401Z,20260325_141732_548,SAMPLE,15.003,80,63,33,16,65,1,1,,,,
2026-03-25T14:17:48.5055904Z,20260325_141732_548,SAMPLE,16.004,80,63,28,15,66,1,1,,,,
2026-03-25T14:17:49.5053514Z,20260325_141732_548,SAMPLE,17.004,80,66,29,13,66,1,1,,,,
2026-03-25T14:17:50.5017678Z,20260325_141732_548,SAMPLE,18.002,80,67,31,13,67,1,1,,,,
2026-03-25T14:17:51.5052167Z,20260325_141732_548,SAMPLE,19.004,80,69,32,11,69,1,1,,,,
2026-03-25T14:17:51.6074142Z,20260325_141732_548,PLAYER_HIT_IGNORED,19.098,80,68,32,11,70,1,1,,,,position=(-0.08;0.58)
2026-03-25T14:17:52.4234942Z,20260325_141732_548,PLAYER_HIT_IGNORED,19.916,80,70,30,8,71,1,1,,,,position=(-0.11;0.54)
2026-03-25T14:17:52.5030607Z,20260325_141732_548,SAMPLE,20.002,80,70,28,9,71,1,1,,,,
2026-03-25T14:17:53.5060174Z,20260325_141732_548,SAMPLE,21.004,80,70,32,9,73,1,1,,,,
2026-03-25T14:17:54.5025944Z,20260325_141732_548,SAMPLE,22.001,80,67,27,12,73,1,1,,,,
2026-03-25T14:17:55.5052917Z,20260325_141732_548,SAMPLE,23.005,80,66,26,13,73,1,1,,,,
2026-03-25T14:17:56.5056550Z,20260325_141732_548,SAMPLE,24.005,80,66,27,12,73,1,1,,,,
2026-03-25T14:17:56.6077694Z,20260325_141732_548,PLAYER_HIT_IGNORED,24.100,80,65,27,12,73,1,1,,,,position=(0.12;0.51)
2026-03-25T14:17:57.5019127Z,20260325_141732_548,SAMPLE,25.001,80,67,31,13,73,1,1,,,,
2026-03-25T14:17:58.0043206Z,20260325_141732_548,PLAYER_HIT_IGNORED,25.497,80,68,32,10,73,1,1,,,,position=(-0.12;0.38)
2026-03-25T14:17:58.5034023Z,20260325_141732_548,SAMPLE,26.002,80,68,31,10,73,1,1,,,,
2026-03-25T14:17:59.5019074Z,20260325_141732_548,SAMPLE,27.001,80,67,29,11,73,1,1,,,,
2026-03-25T14:18:00.5089497Z,20260325_141732_548,SAMPLE,28.008,80,71,29,9,73,1,1,,,,
2026-03-25T14:18:01.5014658Z,20260325_141732_548,SAMPLE,29.000,80,70,29,9,73,1,1,,,,
2026-03-25T14:18:02.0650745Z,20260325_141732_548,PLAYER_HIT_IGNORED,29.558,80,70,33,9,73,1,1,,,,position=(0.12;0.53)
2026-03-25T14:18:02.5025052Z,20260325_141732_548,SAMPLE,30.002,80,71,33,8,73,1,1,,,,
2026-03-25T14:18:03.5077696Z,20260325_141732_548,SAMPLE,31.006,80,74,31,5,75,1,1,,,,
2026-03-25T14:18:04.5052710Z,20260325_141732_548,SAMPLE,32.004,80,74,31,6,76,1,1,,,,
2026-03-25T14:18:04.7452998Z,20260325_141732_548,PLAYER_HIT_IGNORED,32.239,80,72,31,6,76,1,1,,,,position=(-0.13;0.33)
2026-03-25T14:18:04.8230533Z,20260325_141732_548,PLAYER_HIT_IGNORED,32.316,80,71,31,7,76,1,1,,,,position=(-0.13;0.41)
2026-03-25T14:18:05.5070994Z,20260325_141732_548,SAMPLE,33.006,80,70,28,9,76,1,1,,,,
2026-03-25T14:18:05.6878326Z,20260325_141732_548,PLAYER_HIT_IGNORED,33.178,80,68,30,9,76,1,1,,,,position=(-0.11;0.54)
2026-03-25T14:18:05.9056082Z,20260325_141732_548,SESSION_END,33.338,80,67,0,12,76,1,1,56.848,25.273,33,samples=33;reason=spawner_destroyed
